{"i/wlzDn6UemEBs21GFB+uQ==":"https___cdn.evbuc.com_images_145093563_567507716439_1_original-120x120.jpg","sOHahCnl9q62k64Vk4XFbA==":"getcontent-315x399.jpg","Mb7WBigF7sUHpCwPVusvsQ==":"getcontent%20(1)-400x395.jpg","veE/xTdLIH7AlvqvlGcqRA==":"getcontent%20(2)-256x399.jpg","U3314lU9YlCvVrvM0T8jBA==":"getcontent%20(4)-399x259.jpg","1bz3EbV7vzpEyAG3WQFhfA==":"getcontent%20(3)-195x399.jpg","xGZay7bTmajpZLf7PX0mAg==":"nusmuseum-carousel1-640x640.jpg-640x640.jpg","Nhwvp5jc/bdEax3fg1+NwA==":"nusmuseum-carousel1-640x640.jpg-640x640.jpeg","BD8Yr/bgX+SpzhjHXNwj/g==":"hero-plan-your-visit-facade-1903x516.jpg","i8V31c7ARalq+jAKx1i5Wg==":"hero-plan-your-visit-facade-1-1903x516.jpg","zP1/G7mF+vZeZBfaYqbBHA==":"hero-plan-your-visit-facade-2-1903x516.jpg","6lpYETCbPbc6Z5iTd//p1Q==":"hero-plan-your-visit-facade-3-1903x516.jpg","3Ngu82JSS9sLBvug68G7WA==":"hero-plan-your-visit-facade-4-1903x516.jpg","babKamNZq/8N+8FPT7Uohg==":"getcontent%20(1)-235x232.jpg","TcGXcSINxQGHvZE/6UctMA==":"getcontent-235x298.jpg","RD8+LeI+fPOPI/alj6yuMQ==":"getcontent%20(4)-235x153.jpg"}